dosya,plaka
1.jpg,B79DR707]
10.jpg,06TIH40
100.jpg,06CEG741
1000.jpg,206BLA636
1001.jpg,66AR428]
1001.jpg,36)
1002.jpg,06ET8266:
1002.jpg,
1003.jpg,766ABA699
1004.jpg,“66DC762
1005.jpg,"""66AAD581]"
1006.jpg,A06BZY3/70
1006.jpg,
1007.jpg,766AAD581
1008.jpg,706BZY370]
1009.jpg,106AFE560
101.jpg,
101.jpg,
1010.jpg,
1011.jpg,"(31,UM8096)"
1012.jpg,"""06ON5719]"
1013.jpg,
1014.jpg,R07KDF22
1015.jpg,734RV0795)
1016.jpg,"m3,PE2143"
1017.jpg,P66KR787
1018.jpg,"‘44BV306,"
1019.jpg,27DH.206:
102.jpg,
1020.jpg,P06BDP625
1021.jpg,S51DH323
1022.jpg,34YN35151
1023.jpg,i334KM0956
1024.jpg,“59UG393
1024.jpg,saeees.Oo:
1025.jpg,
1026.jpg,MO6DZ3449
1026.jpg,BOGDZ:
1027.jpg,M80GE277
1028.jpg,26GH581
1029.jpg,"""06HD7868"
103.jpg,B19SN241
103.jpg,19°SN2
1030.jpg,-06AH7056
1031.jpg,M06DT6345
1032.jpg,“26ER106)
1032.jpg,m26ER1
1033.jpg,34JS4498
1034.jpg,14BZ939)
1035.jpg,B34JY795)
1036.jpg,#46AAC260
1037.jpg,63SC745
1038.jpg,m3LRD1788
1039.jpg,"""16SCD40"
104.jpg,
1040.jpg,"""19LB336"
1040.jpg,
1041.jpg,O06AE8065
1042.jpg,10CDA34°
1042.jpg,"10CD,"
1043.jpg,E06DB5926
1044.jpg,"BL,NH0366."
1045.jpg,3HN1171
1046.jpg,E66LU433]
1047.jpg,35DC4364
1048.jpg,PheLY=SM
1049.jpg,E77BF376
105.jpg,m66AAG637
1050.jpg,555BT446
1051.jpg,BSZAU688.
1052.jpg,M01AAT394
1053.jpg,16JNM24
1053.jpg,2FeeeeeC
1054.jpg,M06GB5500
1054.jpg,si
1055.jpg,34VVF48
1056.jpg,34JFT06]
1057.jpg,35DC7895
1058.jpg,S16CUU21
1059.jpg,O06DV2630
106.jpg,M66AAG637;
1060.jpg,Ho1YY110
1061.jpg,M54EG064
1062.jpg,E34YN8440
1063.jpg,“09JG470.
1063.jpg,
1063.jpg,Pe)wae
1064.jpg,MA2DHE25
1065.jpg,34SUJ69
1066.jpg,"""07AAL691"
1067.jpg,
1068.jpg,-34°N1019
1069.jpg,Moscis18
107.jpg,™66AAG637
1070.jpg,34JM2312
1071.jpg,e27BBM-67
1072.jpg,Fi6KE930)
1073.jpg,=26BL547
1074.jpg,B33K2345
1075.jpg,M06BDF832
1076.jpg,20AAK116
1077.jpg,FOSBBV11
1078.jpg,E05DM745
1078.jpg,os18Ee
1079.jpg,E07NAN02
1079.jpg,Ths
108.jpg,™66AAG637
1080.jpg,E06HC9191;
1081.jpg,M06EC6573
1082.jpg,06BCP489
1083.jpg,(340G5102
1084.jpg,716FM491
1085.jpg,34KJ1829
1086.jpg,973EA380!
1087.jpg,FOGBDS325)
1088.jpg,B33AUB45
1089.jpg,34ZRG8§
109.jpg,M66AAG637
1090.jpg,B35PLS64!
1091.jpg,M48BBC16
1092.jpg,“06BS2166
1093.jpg,B46KJ742
1094.jpg,"""07ZZ0094"
1095.jpg,M06NEB06)
1096.jpg,m48°SN426
1097.jpg,E06BH2305
1098.jpg,"234,SE0891!"
1099.jpg,P41DL415
1099.jpg,
11.jpg,06TIH40
110.jpg,"""06CEG741"
1100.jpg,
1101.jpg,A3674097
1102.jpg,"""1EVB94"
1103.jpg,31AD.873
1104.jpg,419AS318
1105.jpg,S52TB650
1106.jpg,E06HC9191;
1107.jpg,E07NAN02
1107.jpg,Ths
1108.jpg,"""06ATB76"
1109.jpg,©34LA7745
111.jpg,B06CEG741
1110.jpg,M80AAC589
1111.jpg,06GC5566
1112.jpg,P06AOL20!
1113.jpg,n48V8174)
1114.jpg,£07ZY0319
1115.jpg,P61BV138
1115.jpg,"""61BV1:"
1116.jpg,
1117.jpg,"""34EDZ98)"
1118.jpg,"534,AJ9357"
1119.jpg,HosFR3519
112.jpg,O06CEG741
1120.jpg,35KC1938
1121.jpg,34JS9043
1122.jpg,=05ED689
1123.jpg,"""06KKD25"
1124.jpg,
1125.jpg,M06BB:8373
1126.jpg,34DY9273
1127.jpg,B50BH406
1128.jpg,"M3L,BFI797"
1129.jpg,PL.AG025
113.jpg,"""66AAY895"
1130.jpg,=34BBC129
1131.jpg,mO6EF2610
1132.jpg,34NC9123.
1133.jpg,M01FBA03
1134.jpg,#06GE3698
1135.jpg,33B2932)
1136.jpg,06BF3420
1137.jpg,M3LLE3422
1138.jpg,=34UC9876
1139.jpg,77L.BG787
114.jpg,™66AAY895)
1140.jpg,a3)°6306
1141.jpg,B61BP043
1142.jpg,“67DB417
1143.jpg,E93LY£851
1144.jpg,"""06HE5616"
1145.jpg,[06MGD40
1146.jpg,M68AV4192
1147.jpg,B3LJC8769
1148.jpg,78DG147
1149.jpg,03UY-028
115.jpg,“66AAY895
1150.jpg,#34FL8195
1151.jpg,HA2VN634
1152.jpg,35DIG15
1153.jpg,F368EG810
1153.jpg,.on2
1154.jpg,
1154.jpg,5LZA:
1155.jpg,06TM820
1156.jpg,35DB9218
1157.jpg,B27EG364
1157.jpg,rhe
1158.jpg,816EY440
1159.jpg,MisAAS621
116.jpg,™38BG292
1160.jpg,“41HB684
1161.jpg,M27BPY14
1162.jpg,mi6SVF63
1163.jpg,27TUO32)
1164.jpg,333NYF39
1164.jpg,1373NYI
1165.jpg,B58BS038
1166.jpg,m42JN506
1167.jpg,31V7988
1167.jpg,37|
1168.jpg,E81FN169
1169.jpg,306MCU85!
117.jpg,38BG292)
1170.jpg,
1171.jpg,m42FOK.01
1172.jpg,ALSUD879
1173.jpg,46TB212
1174.jpg,E41NA284
1175.jpg,E34HL0737}
1176.jpg,“66AT
1177.jpg,426EN559
1178.jpg,“31AAR862
1179.jpg,39SY105
118.jpg,M38BG292)
1180.jpg,M97AAV053
1181.jpg,34ZG6085!
1182.jpg,
1183.jpg,
1184.jpg,Mo6EU5892]
1185.jpg,M3LBT5924
1186.jpg,AL6BU281]
1187.jpg,06AJ5313
1188.jpg,MosAC5533
1189.jpg,38HK066
119.jpg,BGSAAW140)
1190.jpg,50DV803
1191.jpg,BS5SF586
1192.jpg,38HK066
1193.jpg,B52°LB603
1194.jpg,#21BZ548]
1194.jpg,M21AAEO48
1195.jpg,M44AAH379)
1196.jpg,m4KZ781
1197.jpg,
1198.jpg,E07CCE35
1199.jpg,B80AC785
12.jpg,
120.jpg,ERRLAE.YS?!
1200.jpg,422RGO01
1201.jpg,M16AAZ822
1202.jpg,hGBF624:
1203.jpg,
1204.jpg,16JRG17]
1205.jpg,#27BHH78!
1206.jpg,233AUTO09
1207.jpg,642DE992
1208.jpg,mi6SVF63
1209.jpg,206LA656
121.jpg,66AAN140)
1210.jpg,B06TT.427
1211.jpg,B34HT9553.
1212.jpg,~A2HC°504|
1213.jpg,E44HN871.
1214.jpg,B60DC552
1215.jpg,“55AAR747}
1216.jpg,"""38TD649"
1217.jpg,38HY039;
1218.jpg,E27R9599:
1219.jpg,i468AAD641
122.jpg,"""66DC262"
1220.jpg,"""16ABE065"
1221.jpg,"""27P7899"
1222.jpg,06DN4461!
1223.jpg,“27AAE06
1224.jpg,F07VZ702
1225.jpg,+06DB6234
1226.jpg,m3H76393:
1227.jpg,H3LGK6326
1228.jpg,
1229.jpg,23AL449.
1229.jpg,
123.jpg,“66DC262.
1230.jpg,27.BMV19
1231.jpg,06FD1230
1232.jpg,77AAD104)
1233.jpg,20SA176
1233.jpg,se
1234.jpg,P16YG032
1235.jpg,71K4864!
1236.jpg,Po9S1650
1237.jpg,AAE238
1238.jpg,50DA934
1239.jpg,NT406°
124.jpg,M66DC262
1240.jpg,407HSC90
1241.jpg,646BG500
1242.jpg,F66SB878
1243.jpg,827ACA50)
1244.jpg,B39TB552
1245.jpg,E35VP414
1246.jpg,B77EF377
1247.jpg,B66DK058
1248.jpg,06BA700
1249.jpg,A16UBT61
125.jpg,E71FC102)
1250.jpg,34AGJ058]
1250.jpg,B22DEOOSmm
1250.jpg,E22DE009mean
1250.jpg,22DE009!
1251.jpg,B06BDC910]
1252.jpg,16NSF02
1253.jpg,bAAFN+953]
1254.jpg,E60HJ009
1255.jpg,417RT632
1256.jpg,361EU402!
1257.jpg,16NSF02
1258.jpg,B38JT294
1259.jpg,=06EF3018
126.jpg,E71FC102)
1260.jpg,06BC5351
1261.jpg,27AG360.
1261.jpg,"""27BPJ14)"
1262.jpg,MOGFY9824
1263.jpg,E06RPY47
1264.jpg,58TF410
1265.jpg,06ZIN66
1266.jpg,"""27C0079"
1267.jpg,B35CRY47
1268.jpg,s06ED1979
1269.jpg,£66LM241
127.jpg,P71FC102
1270.jpg,B05AF582
1271.jpg,24AL008!
1272.jpg,#27AFB07
1273.jpg,B01PJ457
1274.jpg,1M27*BCK90
1274.jpg,
1275.jpg,"e34ZB6063,"
1276.jpg,07EZL*08
1277.jpg,77BE367
1278.jpg,06AT1869
1279.jpg,P06BAG855
128.jpg,B71FC102
1280.jpg,"""06GB6094"
1280.jpg,
1281.jpg,E06FZ5650
1282.jpg,S27IF942
1283.jpg,B38KA699
1284.jpg,M06ESL53
1284.jpg,O06ESI
1285.jpg,34TB8127
1286.jpg,249€S210)
1287.jpg,27HG441
1288.jpg,M38AAK952]
1289.jpg,m06DUS66
129.jpg,71FC102
1290.jpg,627RM855
1291.jpg,P06H°0414
1292.jpg,406EZ5859
1293.jpg,aECHO4|
1294.jpg,M06BDK:204)
1295.jpg,N66LJ564
1296.jpg,m35GC1245
1297.jpg,27AKZ59
1298.jpg,06VHP96
1299.jpg,19UA668)
1299.jpg,BISUA
13.jpg,“06TIH40
130.jpg,33ABV696]
1300.jpg,M06BDT015
1301.jpg,4G6BGG47
1302.jpg,94FG.8272.
1303.jpg,BOGVV.671
1304.jpg,32YV459
1305.jpg,
1306.jpg,G06RJP16]
1307.jpg,“06¥9858
1308.jpg,B27E8837;
1308.jpg,CSiva»
1309.jpg,
1309.jpg,"""28NN181Gd"
131.jpg,M33ABV696
1310.jpg,“19EB302
1311.jpg,™38VK764
1312.jpg,P28AAE148
1313.jpg,E06AF4469
1313.jpg,#9270819.
1314.jpg,R06HE991
1315.jpg,M32AAL781]
1316.jpg,B10SH035
1317.jpg,06AV°7142
1318.jpg,35NCH13|
1319.jpg,34ZAV50
132.jpg,33ABV696
1320.jpg,"""06BCP669"
1321.jpg,B39TA649)
1322.jpg,34DNK05)
1323.jpg,
1324.jpg,03EL335
1324.jpg,ae
1325.jpg,27C7248
1326.jpg,=31DL°6471
1327.jpg,=20BKY96
1328.jpg,"""06BDB510"
1329.jpg,B34FY6046
133.jpg,M66SC936
1330.jpg,"""27AAB204"
1331.jpg,06BB1963
1332.jpg,874DE006
1333.jpg,M38E4241!
1334.jpg,827°AD°155
1335.jpg,44AAG320
1336.jpg,"""78BRO44"
1337.jpg,06BDJ828
1337.jpg,
1338.jpg,C34SH315
1339.jpg,27°ET974
134.jpg,P66SC936
1340.jpg,iGLMA72
1341.jpg,B06ANZ98
1342.jpg,MisAAK302
1343.jpg,“27BKG93
1344.jpg,"""76TA370"
1345.jpg,"""06BN7416"
1346.jpg,38ZT993
1347.jpg,-31NN381
1348.jpg,"M3L,VL67111"
1349.jpg,10BE784
135.jpg,P66SC936]
1350.jpg,P34KG0398
1351.jpg,38FD814;
1352.jpg,23LH966]
1353.jpg,B3LZM7448
1354.jpg,27AAN391)
1355.jpg,B38HY975
1356.jpg,
1357.jpg,E66LY719
1358.jpg,134BJK51
1359.jpg,
136.jpg,"07CGM59,"
1360.jpg,331KH550
1361.jpg,34ESR77
1362.jpg,B34ULU75
1363.jpg,"""06DB2185"
1364.jpg,C45SB0566
1365.jpg,834KDR51
1366.jpg,B66LJ120
1367.jpg,#34ASD26)
1368.jpg,m3AICO03
1369.jpg,"06.FE:1848,"
137.jpg,07CGM59]
1370.jpg,E06NE>632
1371.jpg,20ZZ848
1372.jpg,09°D9184
1373.jpg,M34MST34
1373.jpg,"im,"
1374.jpg,BO7HRB43
1375.jpg,34REA70
1376.jpg,460ET900
1377.jpg,E.6U0948
1378.jpg,
1379.jpg,26B0216
138.jpg,07CGN59}
1380.jpg,P55JZ862
1381.jpg,E06EU0871
1382.jpg,B16LAY09)
1383.jpg,32UD0801
1384.jpg,M27BHP30
1385.jpg,
1385.jpg,31AYM
1386.jpg,335AV9877
1387.jpg,
1388.jpg,"""34DYOO"
1389.jpg,E06HD0283!
139.jpg,MOGVLD74
139.jpg,
1390.jpg,27AAR454
1391.jpg,B27AAD940
1392.jpg,
1393.jpg,=34KG2027
1394.jpg,FO6THS16]
1395.jpg,10AAC?5O.
1396.jpg,
1397.jpg,#06GD4880
1398.jpg,
1398.jpg,
1399.jpg,27BKJ90
14.jpg,"""06TIH40"
140.jpg,mo6VLD74'
140.jpg,RENAULT
1400.jpg,“68AAF915
1401.jpg,™34UV0022
1402.jpg,37K2033
1403.jpg,P66LM356
1404.jpg,
1405.jpg,B66AAB352
1406.jpg,B38AAN416
1407.jpg,142HAD56!
1408.jpg,34PR3832
1409.jpg,B10BY272
141.jpg,POGVLD74
141.jpg,
1410.jpg,"S31,HH4546:"
1411.jpg,27AAB-22
1412.jpg,34ZH7830
1413.jpg,"""31,7M1584"
1414.jpg,16UJ689
1414.jpg,SPARKLINGAUTO
1415.jpg,B06UC472
1416.jpg,
1417.jpg,"""03DD442"
1418.jpg,77BM488
1418.jpg,oToO
1419.jpg,"07Z7B°940,"
142.jpg,M66DE830]
1420.jpg,B31NCZ06)
1421.jpg,306YET10
1422.jpg,06BY4541
1423.jpg,34DEN50
1424.jpg,06AAC331
1425.jpg,B38DS523
1426.jpg,34PU5319:
1427.jpg,m27TV220
1428.jpg,"80FU754,"
1428.jpg,
1428.jpg,B27SeUs
1429.jpg,
1429.jpg,S38ACnc
143.jpg,P66DE830
1430.jpg,
1431.jpg,"M54H2364,"
1432.jpg,M66HR553
1433.jpg,P42COU11
1434.jpg,£66FL005
1435.jpg,
1435.jpg,44KH
1435.jpg,KHO13
1435.jpg,
1436.jpg,EOSS0581
1437.jpg,N16ABM156)
1438.jpg,"""34PD3019"
1439.jpg,E27KF291:
144.jpg,M66DE830)
1440.jpg,PLEEJ914
1441.jpg,38AAK754
1442.jpg,3EA2608
1443.jpg,E58AH270
1444.jpg,"233DTS57,"
1445.jpg,16NAY40
1445.jpg,oy
1446.jpg,=38BH435
1447.jpg,B35NT839;
1448.jpg,B55JU512
1449.jpg,NieJ8760
145.jpg,MEGAAT949
1450.jpg,"""77BM488"
1451.jpg,
1452.jpg,38GZ894
1453.jpg,"&3l,GE9602)"
1454.jpg,M38°JJ798
1454.jpg,#9236163
1455.jpg,27°APF98
1456.jpg,ALGDA382.
1457.jpg,E35AL8835
1458.jpg,06BR8736
1459.jpg,MA3AAG367
146.jpg,M66AAT949)
1460.jpg,HO6BK0596
1461.jpg,26AE60
1462.jpg,406FUD50
1463.jpg,&34UF2478
1464.jpg,09YN078
1465.jpg,M27AAP684
1466.jpg,10PM347
1467.jpg,38JE542
1468.jpg,AiGABG953
1469.jpg,I38°BM920
1469.jpg,ou.ff
147.jpg,466AAT949
1470.jpg,ThVF.283.1
1471.jpg,BosP1267
1472.jpg,301PZ353
1473.jpg,M3PJY21
1474.jpg,"80FU754,"
1474.jpg,
1474.jpg,B27SeUs
1475.jpg,E66Az332)
1476.jpg,B66LM940
1477.jpg,848BN-045
1478.jpg,"""67AAF430"
1479.jpg,©3935EUS95
148.jpg,"""60ABS156"
1480.jpg,BO2°HE388)
1481.jpg,
1482.jpg,™52AAG476
1482.jpg,B52LK833]
1483.jpg,
1484.jpg,M16ABK734
1485.jpg,m0TR595)
1485.jpg,m357185
1486.jpg,
1487.jpg,55RD732
1487.jpg,ERENCOTOAKSESUAR
1488.jpg,
1489.jpg,238ZUO45
149.jpg,238ABY771
1490.jpg,mO6AC1748
1491.jpg,=3LGI3783
1492.jpg,M31NZ006
1493.jpg,SO6AH6281
1494.jpg,06BC4778
1495.jpg,M06GDH41
1496.jpg,"BouF5717,"
1496.jpg,“iis
1497.jpg,elVE5539
1498.jpg,"527,E4800,"
1499.jpg,E06YA1714
15.jpg,F06TIH40
150.jpg,"""60ABS156"
150.jpg,
1500.jpg,FOSBE692
1501.jpg,O01HE726
1502.jpg,B46AJ316
1503.jpg,m25ABK117)
1504.jpg,C06YF998)
1505.jpg,OGLG398
1506.jpg,27*LE069:
1507.jpg,527L8515
1508.jpg,238FF591
1509.jpg,"M34,KR9528:"
151.jpg,"""60ABS156"
1510.jpg,01EMS89
1510.jpg,ieee
1511.jpg,M06EE5787
1512.jpg,"""01AAC082"
1513.jpg,"""33AAT65S8)"
1514.jpg,"S15KCZ99,"
1515.jpg,P55LV537
1516.jpg,B27HM309
1517.jpg,B16FK173
1518.jpg,710BAH02
1519.jpg,38AAE663
152.jpg,06VLD74
152.jpg,4|
1520.jpg,O45M5032
1521.jpg,07NJZ70
1522.jpg,827°APU65
1523.jpg,"BL,YK5290"
1524.jpg,=06BU3850
1525.jpg,
1526.jpg,i334GT88635.
1527.jpg,41PR505
1528.jpg,06DE0794
1529.jpg,9271:NA042°
153.jpg,E06VLD74|
1530.jpg,
1531.jpg,68AF675
1532.jpg,&34UD5063
1533.jpg,m43AU316
1534.jpg,506AZ8344
1534.jpg,Fa.
1535.jpg,=35-»DR.967)
1536.jpg,=3LJK9964
1537.jpg,35UE053)
1538.jpg,"27AAY282,"
1539.jpg,848°EP301
154.jpg,EO6VLD74
1540.jpg,£34.BA938)
1541.jpg,53-AN589
1542.jpg,P58DN233'
1543.jpg,baaSV543
1544.jpg,60AS620
1545.jpg,66DY101]
1546.jpg,§27B7607
1547.jpg,m6DBD44)
1548.jpg,06HA7723
1549.jpg,“61TS988
155.jpg,766DE830;
1550.jpg,P50AB257]
1551.jpg,77BNO60
1552.jpg,
1553.jpg,BOGDL3633
1554.jpg,“66LL411
1555.jpg,871EY-729)
1556.jpg,433EZ788)
1557.jpg,P48NA407
1558.jpg,E60KP956]
1559.jpg,820DJ528
156.jpg,B66DE:830)
1560.jpg,M66KP825)
1561.jpg,06BK4827
1562.jpg,=06BT353)
1563.jpg,=3LGI3783
1564.jpg,455NT139
1565.jpg,-06BC18871
1566.jpg,"""40KG166"
1567.jpg,78BL018
1568.jpg,G6EF972
1569.jpg,M20¢U3967]
1569.jpg,
157.jpg,B66DE:830'
1570.jpg,B16R5555
1571.jpg,
1572.jpg,MOGFU6423
1573.jpg,306HZ373
1574.jpg,e272°AC£36
1575.jpg,"231VR610,"
1576.jpg,BISES8973)
1576.jpg,
1576.jpg,16KOZ50
1577.jpg,risLOK10;
1578.jpg,“17YR505)
1579.jpg,M06DT°5277;
158.jpg,
1580.jpg,"B31,JG.2871)"
1581.jpg,M38UT879
1582.jpg,m27AIT32
1583.jpg,77AAB648
1584.jpg,77DP953)
1585.jpg,B49AB590
1586.jpg,
1587.jpg,M42FCL42
1588.jpg,06FE1469
1589.jpg,66LD883
159.jpg,E40NBO86)
1590.jpg,m4?MA1130
1591.jpg,BosBCA528
1591.jpg,
1592.jpg,&44DT470)
1593.jpg,m35KG6381
1594.jpg,E35EC1990
1595.jpg,B66AAC239
1596.jpg,
1597.jpg,B33NJ-1512
1598.jpg,34HD9442
1599.jpg,P41LG813
16.jpg,m66AAP914
160.jpg,“40NB086
1600.jpg,06HMM76
1601.jpg,=45ACZ82!
1602.jpg,B34PR5356
1603.jpg,£34FL4788
1604.jpg,
1604.jpg,
1605.jpg,"""38BZ628"
1605.jpg,#9230761
1606.jpg,BoiAAF951
1607.jpg,B77AS880
1608.jpg,#01RU770
1609.jpg,06EZ2895
161.jpg,FA0NBO86!
1610.jpg,27AAU187
1610.jpg,
1611.jpg,"E59'AR-174,"
1612.jpg,ho6L4307
1613.jpg,mA2DUR02
1614.jpg,M46DZ234
1615.jpg,701V0365
1616.jpg,ASSAER28!
1617.jpg,E07YLJ06|
1618.jpg,34PG5863
1619.jpg,p31B1845
162.jpg,06RPT39)
1620.jpg,FOGBN7415!
1621.jpg,
1622.jpg,
1623.jpg,B66AR484
1624.jpg,oi—EzZA90
1625.jpg,
1626.jpg,42FFe650)
1627.jpg,M38AABS64
1628.jpg,31V8416
1629.jpg,B66RA086
163.jpg,406RPT39
1630.jpg,"""39D6464"
1631.jpg,334VBC63
1632.jpg,401Z2425)
1633.jpg,m3JEU84
1634.jpg,=06BAB992
1635.jpg,B70L5095
1636.jpg,27UG836
1637.jpg,-34°N1019
1638.jpg,M66DU229
1639.jpg,0GDAc2747.
164.jpg,06AY2/236
1640.jpg,"""66AK440"
1641.jpg,34°BJ1725
1642.jpg,“38YD408
1643.jpg,"M31,PK4597"
1644.jpg,[3ER9866)
1645.jpg,M55ALU22
1645.jpg,CodAl)se
1646.jpg,
1647.jpg,“06GB9722
1648.jpg,"""3BHT242"
1649.jpg,06GD1991
165.jpg,[06RPT39)
1650.jpg,E27:YE233
1651.jpg,ciFS757]
1652.jpg,mOG6DY599)
1653.jpg,m44BH177
1654.jpg,Mye°sy550
1655.jpg,
1656.jpg,203YC231
1657.jpg,[06AT7951;
1658.jpg,06-DS792:
1659.jpg,[20AAH291
166.jpg,
1660.jpg,e27BIK60
1661.jpg,766HR897
1662.jpg,"""34,AG8943"
1663.jpg,-14ABO38
1664.jpg,66DY:654)
1665.jpg,33-BLB06
1666.jpg,B29PU764
1667.jpg,B33BRHO08:
1668.jpg,"M3,JL9813"
1669.jpg,B10HE776
167.jpg,306AY27236)
1670.jpg,34TD9107
1671.jpg,P01Z0317
1672.jpg,P06FN2686
1673.jpg,[7DL785)
1674.jpg,434ZKFO08
1675.jpg,06DY8919
1676.jpg,"M31,TK6841"
1677.jpg,M34KOC34
1678.jpg,#34GUL22k
1679.jpg,M3Ess79
168.jpg,E06GAD264
1681.jpg,“06RB325
1682.jpg,
1683.jpg,"""32BJK51!"
1684.jpg,"""34MST22"
1685.jpg,M34GS3128
1686.jpg,'31EM160
1687.jpg,"234,2M7327"
1688.jpg,95KF6345
1689.jpg,FOSBE692
169.jpg,06GAD>64)
1690.jpg,“06BH7240
1691.jpg,57AG938
1692.jpg,127D3956
1693.jpg,E46ZA235|
1694.jpg,E39DY252;
1695.jpg,#06BM4628
1696.jpg,E34UF8870
1697.jpg,mA?FR723
1698.jpg,706FD4467]
1698.jpg,97AS927
1699.jpg,17UZ844
17.jpg,"M66AAP914,"
170.jpg,“06GAD264
1700.jpg,B27.FD396
1701.jpg,
1702.jpg,27D-0613
1703.jpg,“06AD940
1704.jpg,“51LC280
1705.jpg,E06BCF50}
1706.jpg,06GR347]
1707.jpg,27AD726
1708.jpg,254B5023
1709.jpg,Ps4HP527]
171.jpg,66AZ377)
1710.jpg,=38BH678
1710.jpg,Cs|oo
1711.jpg,“07HYL80
1712.jpg,3GPT1647
1713.jpg,432UZ1652]
1714.jpg,E66AAD607
1715.jpg,3ZR3729
1716.jpg,O06FUe3618
1717.jpg,E38RY°300
1718.jpg,MO6FL3358]
1719.jpg,n38-KK691
172.jpg,B66AZ377
1720.jpg,£51AP676)
1721.jpg,
1722.jpg,835AF8952
1723.jpg,m59AY580
1724.jpg,"M51,JG8178"
1725.jpg,F60SD994
1726.jpg,E05RD213’
1727.jpg,06NG774)
1728.jpg,P38ZA118]
1729.jpg,HOGAF467
173.jpg,™66AZ377
1730.jpg,P68LB692!
1731.jpg,06RAH10:
1732.jpg,~07AGS94
1733.jpg,h38BZ274
1734.jpg,S34LN7132
1735.jpg,“67DB417
1736.jpg,m66DP739
1737.jpg,HSSAYoo?
1738.jpg,377AL094
1739.jpg,m58BV966
174.jpg,B06D2847
1740.jpg,B27BBG22
1741.jpg,E60KP956]
1742.jpg,m9?ND888
1743.jpg,M27HV219
1744.jpg,nO7SB356
1745.jpg,
1745.jpg,34KL1
1746.jpg,M35KG6489
1747.jpg,=O6PAS61
1748.jpg,59RA979
1749.jpg,“50AJ058
175.jpg,“06D2847
175.jpg,—j—==
1750.jpg,631B1215
1751.jpg,E06DS0944
1752.jpg,B38FY242
1753.jpg,66AF109
1753.jpg,=_—-—
1754.jpg,
1755.jpg,238BM125
1756.jpg,K66DD200]
1757.jpg,B66AS800
1758.jpg,293EY.101
1759.jpg,E61BS003)
176.jpg,™06D2847
1760.jpg,=23UY600
1761.jpg,
1761.jpg,#9209706
1762.jpg,838NL657]
1763.jpg,B27LC095)
1764.jpg,B38KK624]
1765.jpg,“27UW6620
1766.jpg,206VBZ°61
1767.jpg,851ER456)
1768.jpg,66AAC152
1769.jpg,
177.jpg,PooLC114]
1770.jpg,06AY938
1771.jpg,Bo7ePP7333)
1772.jpg,m35°DC3575)
1773.jpg,#10RF898;
1774.jpg,"Rs,AAL970"
1775.jpg,566KA772
1776.jpg,38KR132)
1777.jpg,827VJ621
1778.jpg,406AFY759
1779.jpg,"""27C9287"
178.jpg,"""o6LC114"
1780.jpg,16LOT36
1781.jpg,55AOR46
1782.jpg,
1783.jpg,"3UA2497,"
1784.jpg,™34UB1511
1785.jpg,"206AF0340,"
1786.jpg,M27BSZ87
1787.jpg,
1788.jpg,B60ZR999
1789.jpg,738AAL098
179.jpg,™66LC114)
1790.jpg,a3CER07:
1791.jpg,666LT190
1792.jpg,"""59B1023"
1793.jpg,CNU82
1794.jpg,50UN052.
1795.jpg,35HIH15
1796.jpg,"""61DV242"
1797.jpg,M17RD616)
1798.jpg,S06HC3556]
1799.jpg,26AAH461
18.jpg,B66AAP914\
180.jpg,B66LC114|
1800.jpg,06LT666
1801.jpg,m35HA1918
1802.jpg,B51EK489
1803.jpg,80°AK959
1804.jpg,E35RK514]
1805.jpg,34YUR38
1806.jpg,38KMQ91
1806.jpg,m38KMQ
1807.jpg,HO1ESA03
1807.jpg,‘FORHAKAN
1808.jpg,
1809.jpg,B63AF777
181.jpg,P66LC114
1810.jpg,66°FC216:
1811.jpg,7BGN611
1812.jpg,796PN611.
1813.jpg,"[27AAB899,"
1814.jpg,
1814.jpg,b34LtGUaa]
1815.jpg,m42BC552)
1816.jpg,E34N8056)
1817.jpg,m4EC682
1818.jpg,
1819.jpg,294JC7454
182.jpg,P66LC114]
1820.jpg,455AEE87
1821.jpg,B34HY6100
1822.jpg,27AATO74)
1822.jpg,27AAT
1823.jpg,34-TG2980
1824.jpg,M66LG005)
1825.jpg,M07HPY92)
1826.jpg,=91HP800:
1827.jpg,n27.C5973.
1828.jpg,38UR385-
1829.jpg,
183.jpg,M66DZ776
1830.jpg,27AF295)
1831.jpg,"M34,BJ-0712)"
1832.jpg,41HS735)
1832.jpg,RPAKARYAKIT&))
1833.jpg,"""27E1702)"
1833.jpg,"P48SF°881,"
1834.jpg,f06LNL06)
1835.jpg,M66DE616)
1836.jpg,F66SC605
1837.jpg,M34HG5833
1838.jpg,BL4HS453
1839.jpg,17-LU770
184.jpg,eo602776
1840.jpg,F650ZF323
1841.jpg,"m3,SB8578!"
1842.jpg,M7BKV44
1843.jpg,106.PBF74'
1844.jpg,HA2DZC84
1845.jpg,M35AK6714]
1846.jpg,714-EN240!
1847.jpg,410KB004)
1848.jpg,22LM213
1849.jpg,
185.jpg,M66DZ776
1850.jpg,(34TU1436
1850.jpg,Kapat
1851.jpg,38FB251
1852.jpg,S06HLA95)
1853.jpg,£66LP579
1853.jpg,ew
1854.jpg,467ZZ578
1855.jpg,
1856.jpg,406FUD50
1857.jpg,M06BL°6139
1858.jpg,e61AP077
1859.jpg,=77BS185
186.jpg,P66SA049)
1860.jpg,16ABH520
1861.jpg,407:D8386!
1861.jpg,407:D8586!
1862.jpg,335AC5965
1863.jpg,E55AOT73
1864.jpg,"PorTe500,"
1865.jpg,45UA8119
1866.jpg,ML6BH281
1867.jpg,27R2980
1868.jpg,41LE042
1869.jpg,M27P5344
187.jpg,"""66SA049)"
1870.jpg,P347C3041
1871.jpg,P60HD444
1872.jpg,m8DC102
1873.jpg,H66AV443]
1874.jpg,©A2BAo760-
1874.jpg,MIO00HVM.&
1875.jpg,£38UN770
1876.jpg,506YTS69
1877.jpg,M38YU999
1878.jpg,O06LBG75
1879.jpg,"537,DGK£"
1879.jpg,
188.jpg,“66SA049
188.jpg,eaeE
1880.jpg,
1881.jpg,B41B2203
1882.jpg,34FRT93
1883.jpg,34MUS27
1884.jpg,
1885.jpg,BL1°E0321
1886.jpg,"M31,BAR470"
1887.jpg,06HC4165)
1888.jpg,L01ZP424
1889.jpg,mSSBCH10
189.jpg,"""66SA049"
1890.jpg,
1890.jpg,=34J:
1890.jpg,B34JY=
1890.jpg,
1891.jpg,"a66HD127,"
1892.jpg,
1893.jpg,427.BV694
1894.jpg,MioAAR896!
1895.jpg,P34AIR55
1896.jpg,E77DN887.
1897.jpg,BSSBCH10
1898.jpg,M66HR5523
1899.jpg,ECOGAU059:
19.jpg,
190.jpg,M66SA049
1900.jpg,203°PB471
1901.jpg,M44AAB076
1902.jpg,406FF8387
1903.jpg,M06DL6126:
1904.jpg,E60BA276;
1905.jpg,"33VIP98,"
1906.jpg,254FB741
1907.jpg,M65DB533;
1908.jpg,
1909.jpg,O6-MYV89
191.jpg,B66SA049
1910.jpg,P63°FH.970:
1911.jpg,(66OD846
1912.jpg,06BI9649)
1913.jpg,#10RF898;
1914.jpg,A3LFK4522
1915.jpg,“06ED921
1916.jpg,07LKN21
1917.jpg,"38AAC238,"
1918.jpg,M677ZV~3590
1919.jpg,E06DU2794
192.jpg,07HBMAi
1920.jpg,=28NP085
1921.jpg,458DE299:
1922.jpg,m2HK702)
1923.jpg,B66DY596}
1924.jpg,E38JT824!
1925.jpg,E01CBT54
1926.jpg,58BBS951
1927.jpg,E34JE2093
1928.jpg,B06FJ1385
1929.jpg,m27.V3617
193.jpg,#07HBM4i
1930.jpg,806.5S1605
1931.jpg,B77AFO64|
1932.jpg,538PN°117
1933.jpg,633ABM12
1934.jpg,"""59DG488"
1935.jpg,E55AKP76
1936.jpg,
1937.jpg,06BH0096
1938.jpg,
1939.jpg,07MMV16
194.jpg,107HRMAil
1940.jpg,L66FH831)
1940.jpg,
1941.jpg,BiGJM969
1941.jpg,ptiiehey
1942.jpg,E34MRT63
1943.jpg,mOGAN4269
1944.jpg,BOSFY674
1945.jpg,"34,KG7078"
1946.jpg,M66LM637]
1947.jpg,OlATT98]
1948.jpg,E06ENP974
1949.jpg,M38DT634
195.jpg,M38SH050
1950.jpg,A272UU.594)
1951.jpg,B06BBY709
1952.jpg,B38KJ230
1953.jpg,U66NL631)
1954.jpg,E66AY998
1955.jpg,-66AAD860!
196.jpg,m38SH050|
197.jpg,™38SH050
198.jpg,r01ZZ386
198.jpg,
199.jpg,A0172386
199.jpg,RENAULT4
2.jpg,B79DR707!
20.jpg,
200.jpg,“01ZZ386
200.jpg,
200.jpg,
201.jpg,P14GM323
202.jpg,"M14,GM323"
203.jpg,B66LG564
204.jpg,M66LG564
205.jpg,"""66LG564’"
206.jpg,B66HK033
207.jpg,"""66HK033"
208.jpg,
209.jpg,"""66PD290"
209.jpg,MOGAJ3830).
21.jpg,OGGAAP914'
210.jpg,66PD290
210.jpg,M06AJ3830
211.jpg,66PD290
212.jpg,BOGAJ3830
212.jpg,M06AJ3831
213.jpg,FO6AJ3830)
214.jpg,BOGAJ3830;
215.jpg,m66AY248)
215.jpg,Hey
216.jpg,m66AY248
217.jpg,"""66AY248"
218.jpg,"""LGABT750"
219.jpg,PL6ABT750
22.jpg,m79DR707
220.jpg,ML6ABT750
221.jpg,B06BFH738
222.jpg,M06BFH738
223.jpg,B06BFH738
224.jpg,
225.jpg,
226.jpg,
227.jpg,
228.jpg,m16SCZ60)
229.jpg,=16SCZ60
23.jpg,19DR707
230.jpg,41AEH053
231.jpg,m41AEH053
232.jpg,Bi4AEH053)
233.jpg,B25SL222
234.jpg,
235.jpg,
236.jpg,M06.AY7236
237.jpg,"""06.AY7236"
238.jpg,"""06.AY7236"
239.jpg,825SL222!
24.jpg,H06°DN1026
240.jpg,
241.jpg,B25SL222
242.jpg,P41AEH053
243.jpg,41AEH053!
244.jpg,B41AEH053!
245.jpg,16SCZ60
246.jpg,E16SCZ60
247.jpg,B16SCZ60
248.jpg,138PD369
249.jpg,39PD369
25.jpg,
250.jpg,38PD369
251.jpg,38PD369
252.jpg,*c
253.jpg,38PD369
254.jpg,38PD369
255.jpg,B66AL742
256.jpg,m66AL742
257.jpg,P66AL742:
258.jpg,M66LH029]
258.jpg,RENAULT
259.jpg,m66LH029
259.jpg,Megane|
26.jpg,BO6°DN1026)
260.jpg,66LH029)
261.jpg,B66ABE817
261.jpg,Solel™
262.jpg,m66ABE817
262.jpg,00.ADE.Ol/
263.jpg,M66ABE817
264.jpg,M66ABE817
265.jpg,66ABE817
266.jpg,“66ABE817
267.jpg,-19UH574
268.jpg,1SUH574
269.jpg,-19UH574
27.jpg,“06DN1026
27.jpg,RENAWERTS
270.jpg,66AY45/7
271.jpg,moOAY457
272.jpg,“66AY45/7
273.jpg,226FY154)
274.jpg,B26FY154!
275.jpg,
276.jpg,
277.jpg,
278.jpg,
279.jpg,"""66LG907"
28.jpg,"""06DN1026"
28.jpg,
28.jpg,SERIE&
28.jpg,
280.jpg,M66LG907
281.jpg,B66LG907
282.jpg,sooABE936
283.jpg,“66ABF936]
284.jpg,B60BG759
285.jpg,"""60BG759"
286.jpg,Fo0BG759
287.jpg,
288.jpg,
289.jpg,
29.jpg,"""06ON1026"
29.jpg,
290.jpg,66AAU748
291.jpg,FeAAI748
292.jpg,
293.jpg,BGGLC114]
294.jpg,B66AK°883:
295.jpg,B66AK°883:
296.jpg,G6AK°883:
297.jpg,POSD3564
298.jpg,BOSD3564
299.jpg,"""09D3564"
3.jpg,E79DR707
300.jpg,a5”Wr-95|
301.jpg,
302.jpg,
303.jpg,B35TNF99)
304.jpg,M35TNF99)
305.jpg,E35TNF99}
306.jpg,
307.jpg,
308.jpg,09D3564
309.jpg,266AK883
31.jpg,“20R7720
310.jpg,566AK883
311.jpg,S66AK883.
312.jpg,B66AAF783
313.jpg,"""66AAF783"
314.jpg,P66AAF783
315.jpg,66RD808:
316.jpg,P66RD808
317.jpg,B66RD808
318.jpg,“66SA953
318.jpg,06Cl
319.jpg,“06SA:953)
319.jpg,"""06CPM76"
319.jpg,06CPM/6
32.jpg,420R7720
320.jpg,P66SA:953]
320.jpg,66KP986)
321.jpg,"""06FZ3037"
322.jpg,"""06FZ3037"
322.jpg,RENAULT
323.jpg,06FZ3037
325.jpg,06ADG508
326.jpg,06ADG508
327.jpg,“06ADG508
328.jpg,
329.jpg,
33.jpg,420R7720
330.jpg,G66AAY094
331.jpg,“06ADG508
332.jpg,“06ADG508
333.jpg,M06ADG508)
334.jpg,EGAAYO94
335.jpg,B66AAY094
336.jpg,M66AAY094
337.jpg,"""66AK976"
338.jpg,"""66AK976"
339.jpg,F66AK976
34.jpg,AilOR
340.jpg,™66AK976]
341.jpg,
342.jpg,66AK
343.jpg,
344.jpg,38360
345.jpg,368ZH360
346.jpg,
347.jpg,
348.jpg,06BIN435
349.jpg,
349.jpg,
35.jpg,“11DR660)
350.jpg,06ENSO1
351.jpg,06ENSO71
352.jpg,
353.jpg,
354.jpg,B66HK033
355.jpg,™66HK033
356.jpg,B66AU855
357.jpg,M66AU855
358.jpg,m66AU855)
359.jpg,19ABT122'
359.jpg,IRENAWIGEEC
36.jpg,A11DR660
360.jpg,"""19ABT122"
361.jpg,m19ABT122
361.jpg,
361.jpg,RENAESe9
362.jpg,L6GAUE55h
363.jpg,m66AU855
364.jpg,E66AU855
365.jpg,B\9ABT122’
366.jpg,"""19ABT122,"
366.jpg,eesee
367.jpg,#19ABT122
367.jpg,ae
368.jpg,BOSAARB24
369.jpg,"B66AAR821,"
37.jpg,211DR660)
370.jpg,BGGAAR821)
371.jpg,AGG.AZ377’
372.jpg,
373.jpg,66AZ37/7
374.jpg,M6AZ377
375.jpg,m66AZ377
376.jpg,M66AZ377
377.jpg,POSAAR8241
378.jpg,“06AAR821
379.jpg,"M66AAR821,"
38.jpg,"P66ABB324,"
380.jpg,19AAP614
381.jpg,19AAP614
382.jpg,m19AAP614
383.jpg,19AAPbY
384.jpg,"£19AAP614,"
385.jpg,
386.jpg,
387.jpg,&66DY900)
388.jpg,E66DY900)
389.jpg,"""66SB522"
39.jpg,"""66ABB324"
390.jpg,"""66SB522"
390.jpg,SHOTONM+
391.jpg,B66SB522
392.jpg,E66SB522
393.jpg,“66SB522
394.jpg,4440185
394.jpg,
395.jpg,id
396.jpg,=66DY900;
397.jpg,
398.jpg,Bo6ABF936
399.jpg,"""66ABF936"
4.jpg,P66AP857
40.jpg,B66ABB324
400.jpg,M66ABF936
401.jpg,mS0BG759
402.jpg,50BG759
403.jpg,
404.jpg,
405.jpg,mc6LC114]
406.jpg,M66LC1145
406.jpg,71AZ603)
407.jpg,meo5FM515
407.jpg,E04
408.jpg,05FM515
409.jpg,Bo5FM515
409.jpg,“05FM5i
41.jpg,P71DA214
410.jpg,38KM987
411.jpg,38KM987
412.jpg,"38KM987,"
413.jpg,M34BVY620)
414.jpg,ALBVY620
415.jpg,M34BVY620
416.jpg,BSSAAB411
417.jpg,MS8AAB411|
418.jpg,ZO8AAB411|
419.jpg,M32TY9611;
42.jpg,B71DA214
420.jpg,m347Y9611
421.jpg,m34TY9611
422.jpg,m37TY9611;
423.jpg,"""66DC983"
424.jpg,P66DC9893]
425.jpg,M66AAJ981!
426.jpg,M66AAJ981
427.jpg,B66AAJ981]
428.jpg,
429.jpg,66
43.jpg,B71DA214
430.jpg,BG6AAJ981:
431.jpg,06ET8266)
432.jpg,306ET8266)
433.jpg,
434.jpg,
435.jpg,06ET8266
436.jpg,1SEI8266)
437.jpg,
438.jpg,
439.jpg,
44.jpg,B66AAE717
44.jpg,BiM
440.jpg,33LH337|
441.jpg,33LH337;
442.jpg,B33LH337]
443.jpg,M33LH337
443.jpg,fe]Ey|
444.jpg,33LH337|
445.jpg,m33LH337
446.jpg,33LV040
447.jpg,33LV040
448.jpg,33LV040
449.jpg,E33LVO40
45.jpg,"""66AAE717"
450.jpg,B33LH337
450.jpg,
451.jpg,He6LL909:
452.jpg,“66LL909:
453.jpg,“66ABH367
453.jpg,Ms6LZ300!
454.jpg,P46VE095
455.jpg,"""66ABA882"
455.jpg,BooABR776)
456.jpg,"""06Y0710"
457.jpg,"""06DOJ68"
458.jpg,
459.jpg,
46.jpg,F66AAE717
460.jpg,"""06BPB624|"
461.jpg,m66ABR813
462.jpg,"""L0AAP638)"
462.jpg,
462.jpg,
463.jpg,MG6ABR345
463.jpg,BiWAU320)
464.jpg,B66LZ300)
464.jpg,B66AY070
465.jpg,66ABC602)
466.jpg,m38AK309
467.jpg,66AAG467
467.jpg,NGCOBVe
468.jpg,MigZR140
468.jpg,
469.jpg,M66AE766)
47.jpg,06DA9537
470.jpg,"""66AAC4321"
471.jpg,=06BRP867
472.jpg,=06BRP867
473.jpg,“06NB165
474.jpg,M66ABB974
475.jpg,m42FKF93]
475.jpg,
476.jpg,M66PC397
477.jpg,55DN079
478.jpg,66PC397
478.jpg,P66ABB974)
478.jpg,[55ON
478.jpg,sh@
479.jpg,B66PC397}
479.jpg,66ABB974
479.jpg,165}
48.jpg,“06DA9537)
480.jpg,k66AAT859
480.jpg,66NB165}
481.jpg,
482.jpg,
482.jpg,(cle)B=
483.jpg,
484.jpg,540NB900
484.jpg,66DD640)
484.jpg,anwpano
485.jpg,P66AAS920)
486.jpg,"B3L,VM8323"
487.jpg,
487.jpg,OGAAY714
487.jpg,Coté)
488.jpg,G66AAV714]
489.jpg,FOGABN521
49.jpg,-06DA9537
490.jpg,
491.jpg,B06FM9829
492.jpg,B66SB457
492.jpg,66ABP815
493.jpg,66ABT037
494.jpg,761VR352
495.jpg,F66ABE906)
495.jpg,B66KK39)
496.jpg,BAAACN319
497.jpg,06YRZ23
498.jpg,M66ABES06
499.jpg,MOGBJE580
5.jpg,M66AP857]
50.jpg,"E66AAE717,"
500.jpg,528RE958
500.jpg,g40AAJT
500.jpg,PATRON
501.jpg,S06YMP81
502.jpg,138VN385]
503.jpg,~06BAU288
504.jpg,#66AE855
504.jpg,"66AL’022"""
505.jpg,635KUF92!
505.jpg,38BR383
506.jpg,34DGS869
507.jpg,534EP4185
508.jpg,33°V4286}
509.jpg,B66AZ268|
51.jpg,B66AAE717
510.jpg,=“66ABR358
510.jpg,666ABH219
511.jpg,B66LZ300
512.jpg,"ff66LZ300,"
512.jpg,M66AY070
513.jpg,mA2FKF93
514.jpg,
515.jpg,M42FKF93)
516.jpg,EO8ACA777
517.jpg,66AAN376
517.jpg,wOoACA777
518.jpg,E55-2RC032
518.jpg,—<<&
518.jpg,
519.jpg,33V4286
52.jpg,"""66AAE717]"
520.jpg,“08BJ046
521.jpg,B68ACA777
521.jpg,76
521.jpg,76}
522.jpg,"""34ABD987"
523.jpg,=66AAN376
524.jpg,734ABD987
525.jpg,G6AAN376
525.jpg,B68ACA777
525.jpg,&34ABD9:
526.jpg,P68BJ046)
526.jpg,E95°2RG032
527.jpg,P68BJ046
527.jpg,P66DE724|
527.jpg,H00°2RG032}
528.jpg,S66AAN376)
529.jpg,P66DE724
529.jpg,;032
53.jpg,71DA214]
530.jpg,r66AY526
531.jpg,934ABD987)
531.jpg,#68ACA777
531.jpg,166AAN376|
532.jpg,"M34,CSU407)"
532.jpg,M3BAL382)
533.jpg,434ABD987|
533.jpg,l66AAN376]
534.jpg,34ABD987!
535.jpg,34BAL382:
536.jpg,m3LCSU407
537.jpg,
537.jpg,734CSU407
537.jpg,B66LN43
538.jpg,B55RG(032
538.jpg,)DE724)
539.jpg,E66DK3:
539.jpg,66LN430)
54.jpg,H71DA214
540.jpg,B55RG032)
540.jpg,fe6DE724)
541.jpg,534GA7328
541.jpg,MoeDP2707
542.jpg,M66LN430
543.jpg,"""66DE724"
544.jpg,P34CSU407
545.jpg,e66DE724
545.jpg,B55RG032}
546.jpg,G66LN430
547.jpg,B66DK822
548.jpg,P66DK822)
548.jpg,M66LN430)
548.jpg,M07AGFS
549.jpg,M34BAL382
55.jpg,
550.jpg,B34BAL382)
550.jpg,"""4CSU4071"
551.jpg,66AK110
552.jpg,
553.jpg,“66AK110)
554.jpg,68BJ046
555.jpg,=34CSU407
556.jpg,M66DK822
556.jpg,
557.jpg,66DKO22)
557.jpg,
557.jpg,PeeLN430
558.jpg,K66DK822!
559.jpg,
56.jpg,"""66AAP580"
56.jpg,ky
560.jpg,"234,CSU407"
560.jpg,66LN430)
560.jpg,34BAL382!
561.jpg,P66LN430)
562.jpg,"31,CSU407"
562.jpg,-66DK822)
562.jpg,se6LN430
563.jpg,
564.jpg,Mo6AAL287
564.jpg,707AEN571
564.jpg,"31,GA7328)"
565.jpg,™66ABD118
566.jpg,
567.jpg,50ABC339
568.jpg,50ABC339
569.jpg,B50ABC339
57.jpg,“66AAP580)
570.jpg,M66AF958}
571.jpg,66AF958!
572.jpg,S50ABC339]
573.jpg,“66AF958
574.jpg,BO6DJ8423
575.jpg,"34,GA7328)"
576.jpg,M06BER410
577.jpg,“66AAV092
578.jpg,Mo6BER410
579.jpg,f66AAV092]
579.jpg,66HK990
58.jpg,M66AAP580
580.jpg,FO6DJ8423!
581.jpg,B66DD519
582.jpg,"""66AAV092"
583.jpg,F66DD519
583.jpg,06U3758
584.jpg,"""o6AAV092"
585.jpg,Fo6U3758
585.jpg,E66DD519
586.jpg,M34FJ1383
586.jpg,F66SB629|
586.jpg,AV554
587.jpg,Ro6U3758!
588.jpg,H60HE417
589.jpg,"""66HK.990"
59.jpg,
590.jpg,m60HE417
591.jpg,P60HE417
592.jpg,mA0AAY221|
593.jpg,PooAAV092
593.jpg,566HK990}
593.jpg,M66HK990
594.jpg,BAOAAY221
595.jpg,"""66HK990"
596.jpg,F66HK990
596.jpg,aISEE464)
597.jpg,EeeSB629]
597.jpg,19AAV554
597.jpg,mobAP
598.jpg,TO6AAV086
599.jpg,66AAV086
6.jpg,B66AP857
60.jpg,
600.jpg,B66AAV086
601.jpg,BI9EE364
602.jpg,BI9EE364
602.jpg,©66ABG051
603.jpg,E66ABG051
604.jpg,=66ABG051!
604.jpg,19EE364
605.jpg,PO6DE1158
606.jpg,B06DE1158
607.jpg,B35ESK45
608.jpg,E66SB629]
608.jpg,258NH300
608.jpg,UbBPH493)
609.jpg,26FY154
61.jpg,"""66AD762]"
610.jpg,M66ABA527)
611.jpg,M66ABA52/
612.jpg,"""66ABA527"
613.jpg,
614.jpg,
614.jpg,OOK
615.jpg,M06EA5334)
615.jpg,334UF3799
616.jpg,B66LL421
616.jpg,B19ACL169%
617.jpg,
618.jpg,B35GE938
618.jpg,
619.jpg,M66SB862
619.jpg,M19AAV554)
619.jpg,=44KAD540)
619.jpg,06BPH493)
62.jpg,
620.jpg,334UF3799
620.jpg,M06EA5334)
621.jpg,B35GE938
622.jpg,231VY3292
623.jpg,
624.jpg,"""66AAP762"
625.jpg,AEK273
626.jpg,
627.jpg,F66ABE138
628.jpg,m08DF35]
629.jpg,=06
63.jpg,
630.jpg,=44AAD546
631.jpg,M06KA5058
632.jpg,F55BDJ09!
633.jpg,B42AEK273
633.jpg,ChEEy
633.jpg,
634.jpg,“66SC9109
635.jpg,66DA913
636.jpg,66AD515]
636.jpg,«A-B-CBLOK
637.jpg,E66PF943)
637.jpg,"m68KY//3),"
638.jpg,M66AE051
638.jpg,M68KY775)
638.jpg,
639.jpg,"566AAG205,"
64.jpg,
64.jpg,BEee
640.jpg,66AE051)
640.jpg,
640.jpg,mobARN/\%I
641.jpg,E66AH952)
641.jpg,AAAAD.540
642.jpg,"""66AAG205"
643.jpg,E66ABN106
644.jpg,“66ABN106
645.jpg,"M66KR311,"
645.jpg,giVK152|
646.jpg,B66KR311
646.jpg,PoiVk194)
647.jpg,106Y0710
648.jpg,P66KR311
648.jpg,HeoABN106)
649.jpg,EAAKS592i
65.jpg,66AD762'
650.jpg,E46BS392
650.jpg,
651.jpg,
652.jpg,127YT922
653.jpg,
654.jpg,=01EA650
655.jpg,P61EA650
655.jpg,CIiTrROoOeEn
656.jpg,B66ABR813]
656.jpg,“oan|
656.jpg,BesWH3867Re
657.jpg,E50SB336
658.jpg,ML.0AAP638|
659.jpg,E50SB336
66.jpg,ro6LH720
660.jpg,
661.jpg,
662.jpg,38AK*309
663.jpg,06ACF9871
664.jpg,66AAG467)
665.jpg,e66NE090
665.jpg,ORNLihe)
666.jpg,B66AAC432!
667.jpg,706AAC630
668.jpg,
668.jpg,ausl/.249|
669.jpg,E66ABL288
67.jpg,"""66LH720"
670.jpg,M66ABL288
670.jpg,
671.jpg,"""81FB736"
672.jpg,N91FB736
673.jpg,B55DN079)
673.jpg,SUZUKI
673.jpg,
674.jpg,1:66LL909
675.jpg,
675.jpg,"""06ACF871"
676.jpg,“66PC39/7
677.jpg,"""66ABB974"
678.jpg,66NB165)
678.jpg,ReKF618
678.jpg,
678.jpg,BO6EC4895
679.jpg,FO6AU464
679.jpg,06BAY062
68.jpg,'66LH720
680.jpg,
680.jpg,606BAV062
680.jpg,66AU464)
681.jpg,P06BIE026
682.jpg,™06BITE026
682.jpg,BUO0FL8/42
682.jpg,‘B40NB889|.
683.jpg,E66AU464
683.jpg,EMITS
684.jpg,S06.BIE026
685.jpg,P66ABR345)
686.jpg,38AEE630
687.jpg,
687.jpg,POOABNOZI]
687.jpg,
688.jpg,P66ABR345
688.jpg,feeHH3)
689.jpg,"""G6ABN521"
69.jpg,58ABS809}
690.jpg,"""38BR383"
690.jpg,
691.jpg,P28RE958
691.jpg,inFRBe
691.jpg,ING6AVGaal
691.jpg,fosBJE580
692.jpg,M66LB190
692.jpg,166DZS408
693.jpg,Ao06BAU288
694.jpg,B95KUF92
694.jpg,B23BB294
694.jpg,Clic4FAN
694.jpg,e006AN5184
694.jpg,34DGS869
694.jpg,7380290)
695.jpg,
695.jpg,B23BB294
696.jpg,34BEA003
697.jpg,n77AC715
698.jpg,M34EP4185
699.jpg,
699.jpg,
699.jpg,MosBFS721Z
699.jpg,106BES721%
7.jpg,“06AP857
70.jpg,58ABS809
70.jpg,
700.jpg,"m3,BEAOf"
700.jpg,"M31,BEA003"
701.jpg,466AZ268
701.jpg,266ABGO41
701.jpg,
702.jpg,Mi9LDO10
702.jpg,S90q-
702.jpg,66.AD.167!
703.jpg,706—
704.jpg,[06BN9710
705.jpg,“19BE357
706.jpg,"""66AD167"
707.jpg,me66AD167
708.jpg,
709.jpg,"#19BE357,"
71.jpg,58ABS809)
71.jpg,CGrd3
710.jpg,M66ABA541
711.jpg,700ABF035
712.jpg,M66ABF035
713.jpg,"™66ABF035,"
714.jpg,B06DK3967
715.jpg,06DK3967
716.jpg,739APK651
717.jpg,735APK651
718.jpg,P66AAY519)
718.jpg,DOB!
718.jpg,DOBIC
718.jpg,)cEPs
719.jpg,66ABC037
72.jpg,58ABS809
72.jpg,CGrdS
720.jpg,™66AAY519]
721.jpg,900!
721.jpg,clele—
722.jpg,K66DY900]
723.jpg,706AAT181
724.jpg,=66AAT1811
725.jpg,F66LC606
726.jpg,66LC606
727.jpg,M66ABC037]
728.jpg,B77AC715|
728.jpg,
729.jpg,38AEE630
729.jpg,B77AC715
729.jpg,mO6ACF871!
73.jpg,58ABS809
730.jpg,“66AK110
731.jpg,“66AK110)
732.jpg,B66ABC277
733.jpg,66ABK075
734.jpg,66ABK075
735.jpg,07BDG24
736.jpg,z07BDG24|
737.jpg,
738.jpg,207BDG24
739.jpg,AL2ABC308
74.jpg,e598ABS909
740.jpg,
741.jpg,F06YG340
742.jpg,“66LH130]
743.jpg,E66ABC277
744.jpg,"""66LH130,"
745.jpg,66ABD118)
746.jpg,
747.jpg,“66AAZ071
748.jpg,66AAZ071
749.jpg,"""66AAZ071"
75.jpg,
750.jpg,"""66AAZ071"
751.jpg,M66KN220:
752.jpg,
752.jpg,
752.jpg,RrOASssKIS
753.jpg,
754.jpg,£66ABC277]
755.jpg,E06DJ8423
756.jpg,
757.jpg,B66DD519
758.jpg,
759.jpg,
76.jpg,“66AAV629
760.jpg,B40AAY29141
761.jpg,F06ADF638
762.jpg,
763.jpg,f2o6LU409)
764.jpg,=66AAD-176)
764.jpg,66AP618
764.jpg,(aDioeva
764.jpg,
764.jpg,
765.jpg,E44KB655
766.jpg,734K8988
767.jpg,&66AAJ522
767.jpg,Mis6\BG402)
767.jpg,eed255
768.jpg,W66AU569)
768.jpg,(1)
768.jpg,fingBG402!
768.jpg,
768.jpg,
769.jpg,e656RB080.
769.jpg,BISLE463
769.jpg,206
77.jpg,766AAV629
770.jpg,06AAJ529)
772.jpg,“66AAV118
773.jpg,27EM929}
774.jpg,27EM929
775.jpg,™SSADA939)
776.jpg,m66AY070
777.jpg,56DR390)Noe
777.jpg,———a
778.jpg,66DR390]
779.jpg,506V3378
78.jpg,466AAN623
780.jpg,"B66AAP.762,"
781.jpg,
782.jpg,66AAZ549)
783.jpg,M29AT485
783.jpg,)NCZ6z)
784.jpg,F06KA5058
785.jpg,
786.jpg,Ms6ABE138'
787.jpg,“06ABH36/7
788.jpg,258DF351
789.jpg,SsBoJ09
789.jpg,66AK1114
79.jpg,35AHB208
790.jpg,mosFU7037!
791.jpg,B06FU7037
791.jpg,"""06BRP867!"
792.jpg,F66NK004:
793.jpg,
794.jpg,466AD515
794.jpg,
795.jpg,E66PF948
796.jpg,mOGAAN147
797.jpg,634RNL10
798.jpg,06CRU084)
799.jpg,"""06CRUOS4'"
8.jpg,M66AP857
80.jpg,#35AHB208
800.jpg,706CRUO84
801.jpg,tU6CRUUS4)
802.jpg,06SD800
802.jpg,
803.jpg,FO6SD800
804.jpg,“06SD800
805.jpg,BabGA7328
806.jpg,“66AAL287
807.jpg,"""66SB629"
808.jpg,#19AAV554
808.jpg,WLS
808.jpg,
808.jpg,
809.jpg,06BPH493
81.jpg,B35AHB208
810.jpg,BAAAAD540
811.jpg,"""66AH952)"
812.jpg,205ES-316|
813.jpg,BooAAH246
813.jpg,=MERGENCY
814.jpg,
815.jpg,66LN9871
816.jpg,M42AJRO28
816.jpg,DIKKAT
817.jpg,66LN987
818.jpg,"""66AAP502"
819.jpg,E66AAP502
82.jpg,
820.jpg,
821.jpg,M50ND202!
821.jpg,
821.jpg,
822.jpg,
822.jpg,>@)@LD
822.jpg,
823.jpg,BOGSA486]
824.jpg,S97JB135
824.jpg,TOYOTA
824.jpg,Oe)=>
825.jpg,"""06UW9896"
826.jpg,"""06U9896"
827.jpg,M34KS5131
828.jpg,N06COB911)
829.jpg,06COB911
83.jpg,
830.jpg,r6DC628)
831.jpg,466DC628
832.jpg,#66DC628
833.jpg,P34TE6244
834.jpg,B01EK217
834.jpg,7&i
835.jpg,“01EK217
836.jpg,"""01DIS18"
837.jpg,BO1DIS18
838.jpg,FO6HG873
839.jpg,P06HG873
84.jpg,66.DK213
840.jpg,66ABC067
841.jpg,“66ABC067
842.jpg,M66KE469|
843.jpg,"""66SC952"
844.jpg,
845.jpg,B66KE469
846.jpg,
847.jpg,B01BOA50
848.jpg,38VU977
849.jpg,"""66AAS252!"
85.jpg,Ro6FY1709)
850.jpg,=.6ABB963
851.jpg,mO6SG933
852.jpg,mGGAAR272
853.jpg,M23AAJ038!
854.jpg,Mos:V¥3378
855.jpg,E66AAH987
855.jpg,
856.jpg,"""06CHF763"
856.jpg,B6640017)
857.jpg,06CHF763
858.jpg,M66ABB723)
858.jpg,|
859.jpg,
86.jpg,fosFY1709
860.jpg,mS6LNG68
861.jpg,(66LN948
862.jpg,
863.jpg,M06CHS529
864.jpg,
865.jpg,
866.jpg,
866.jpg,
866.jpg,
867.jpg,B18AAT811
868.jpg,BoscHS529
869.jpg,BO1AET467)
87.jpg,#06FY1709
870.jpg,B06ED0285
871.jpg,B66AAZ114
872.jpg,m71AG204
873.jpg,B66DC762
874.jpg,“66DC762
875.jpg,
875.jpg,[eTtea!
876.jpg,
877.jpg,™38AET167.
878.jpg,66AAL684
879.jpg,BooAAL684
879.jpg,Me5OC162)
88.jpg,
880.jpg,
880.jpg,TooA
881.jpg,“66DR271
882.jpg,66DR271
883.jpg,
884.jpg,A598BE712]
885.jpg,60NR625
886.jpg,#66AAK718
887.jpg,
887.jpg,
887.jpg,
888.jpg,B66PC397|
889.jpg,M66ABB974
89.jpg,M66DK213
890.jpg,"""66ABB974"
891.jpg,66PC397]
892.jpg,mssDN079
893.jpg,81FB736
894.jpg,MeiFB736
895.jpg,M38ADK2301
896.jpg,
896.jpg,GOLE
897.jpg,
898.jpg,M22ADK230
899.jpg,107ADU943
9.jpg,"""66AP857"
90.jpg,a66DK213
900.jpg,07ADU943)
901.jpg,07ADU943
903.jpg,"""66KH°708)"
904.jpg,B66KH°708
905.jpg,
906.jpg,“66KH708
907.jpg,38EK175
908.jpg,
909.jpg,
91.jpg,B66DK213)
910.jpg,
910.jpg,i
911.jpg,44PL937)
912.jpg,£44PL937
912.jpg,
913.jpg,m66DY177
914.jpg,66DY171|
915.jpg,&23AB452.
916.jpg,38ZH360
916.jpg,
917.jpg,38ZH360
918.jpg,66AD515]
919.jpg,#06BPA139
92.jpg,#06EU3322!
920.jpg,“66AD515|
921.jpg,M66AD515)
922.jpg,fooDR054)
923.jpg,E03AAL938)
923.jpg,E06YA7046)
923.jpg,
923.jpg,\x|
924.jpg,706YA7046
924.jpg,938)
924.jpg,
925.jpg,M66DD016
925.jpg,34DOA197
925.jpg,7046)
925.jpg,
926.jpg,"31,DOA197"
926.jpg,B06FP1998)
926.jpg,016)
927.jpg,66ABN
927.jpg,06FP1998)
927.jpg,7|
928.jpg,m38AET167
928.jpg,M66ABN106
929.jpg,m38AET167
929.jpg,A66ABN106]
93.jpg,O06EU3322
930.jpg,06BFZ8/1
930.jpg,m06BFZ8/
931.jpg,B66ABP032|
932.jpg,M66ABP032)
933.jpg,E66ABP032
933.jpg,66EG_6/b3
933.jpg,LatOo
933.jpg,
934.jpg,766EG6/6
935.jpg,706EG676]
936.jpg,“06EG676)
937.jpg,"""66EG676"
938.jpg,166EG676)
939.jpg,M07.MZC91
94.jpg,B06EU3322
940.jpg,"""07.MZC91"
941.jpg,07ZC91
942.jpg,
942.jpg,mhne
942.jpg,
942.jpg,
942.jpg,
943.jpg,706BZL949
943.jpg,iii
944.jpg,“06BZL949
944.jpg,awn
945.jpg,“06BZL949
946.jpg,“06BZL949
947.jpg,“06BAU763
948.jpg,06BAU763}
949.jpg,W806S6098.
95.jpg,P66AAY895|
950.jpg,1206S$60984
951.jpg,“06S$6098.
952.jpg,“06S6098.
953.jpg,"""06ETU71"
954.jpg,FO6ETU71
955.jpg,B38JH099
956.jpg,M07ARS316
956.jpg,
956.jpg,
957.jpg,07ARS316
958.jpg,07ARS316
959.jpg,E06ACK025)
96.jpg,"P66AAY895,"
960.jpg,S06ACK025)
961.jpg,M06ACK025)
962.jpg,B06ACK025)
962.jpg,
963.jpg,“06BAU763
964.jpg,06AC6699)
965.jpg,06AC6699
966.jpg,66LU349
967.jpg,M66LU349
968.jpg,P66AN435]
969.jpg,38JSB44]
97.jpg,“66AAY895
970.jpg,B36JSBbu
971.jpg,“66AAL884)
972.jpg,“66AAL884
973.jpg,P66AAL884
974.jpg,m60NG307%
975.jpg,mOONG307%
976.jpg,706DR054)
976.jpg,
977.jpg,“66AE051
978.jpg,"HooAAJ248,"
978.jpg,38VU977
979.jpg,"E66AAJ249,"
979.jpg,
98.jpg,e06CEG741
980.jpg,H66AAJ249)
980.jpg,"""66DA299"
980.jpg,FE3f
981.jpg,B66DA298
981.jpg,"HO6AAJ248,"
981.jpg,B3
982.jpg,P66DA298
982.jpg,66AA.
982.jpg,K326)
983.jpg,"""66AA."
983.jpg,=66DA298
983.jpg,K326]
984.jpg,S66DA2
984.jpg,766AK326]
984.jpg,t/1AG204)
985.jpg,B66DA2!
985.jpg,“66AK326)
985.jpg,
986.jpg,“66AK326
986.jpg,771AG204
986.jpg,147)
987.jpg,“66AK326)
987.jpg,“71AG204]
987.jpg,
988.jpg,E66AAN147]
989.jpg,E06AAN147]
99.jpg,"""06CEG741"
990.jpg,6GAAN147
991.jpg,B71AG>204)
991.jpg,326)
991.jpg,OOABN106)
992.jpg,M66AK326
992.jpg,|298
993.jpg,
993.jpg,B66DA298
993.jpg,1248}
994.jpg,P66DI
994.jpg,66AAJ248]
994.jpg,8VU977
995.jpg,66AAJ2
995.jpg,38VU977
996.jpg,FOGACE754)
996.jpg,“60ADi6i
997.jpg,FO6ACE754
997.jpg,“60AD161
997.jpg,1SADT681
998.jpg,7416ADT681
998.jpg,06ACE754
999.jpg,"234,AIB728"
